property_id,apartment,record_type,app_rankable_status,app_confidence,app_area,app_rent_min,app_rent_max,app_rent_label,app_concession,app_value_signal,app_source_label,marketplace_rank,marketplace_url,marketplace_fee_mode,marketplace_verified_listing,marketplace_floorplans_parsed,entry_floorplan,entry_rent_range,entry_sqft_range,entry_ppsf_best_est,best_value_floorplan,best_value_rent_range,best_value_sqft_range,best_value_ppsf_best_est,marketplace_special,official_url,official_status,official_rent_sqft_summary,official_concession,official_fee_visibility,official_next_action,fee_parking,fee_application_fee,fee_admin_fee,fee_deposit,fee_utilities,fee_insurance,fee_guarantor_policy,fee_next_action,field_level_fee_summary,public_signal_summary,reddit_signal_summary,rednote_mentions_total,rednote_recent_mentions_2026,rednote_first_person_reviews,rednote_listing_or_sublet_posts,rednote_question_posts,rednote_positive_themes,rednote_negative_themes,rednote_claims_to_verify,consolidated_last_checked
axis-201,Axis 201,app_seed_profile,rankable_in_app,partial,Science Park / Munson St · 201 Munson St,1852,4425,"$1,852+ studio; $2,282+ 1BR; $3,084+ 2BR; $4,425+ 3BR/townhome",Official page advertises reduced rates plus up to 3 months free on select homes; not counted in budget score.,"Marketplace sqft check: studio $1,935-$2,150 / 333-519 sq ft, about $3.73-$6.46 per sq ft. 2BR layouts look stronger on $/sq ft for roommate splits.",Official floorplans refreshed 2026-06-29; utilities and student policy need confirmation,1,https://www.apartments.com/axis-201-new-haven-ct/vdv51qf/,total_monthly_price,yes,7,Studio,"$1,935 – $2,150",333 – 519 Sq Ft,3.73,2 Bed 2 Bath,"$3,167 – $3,575","918 – 1,055 Sq Ft",3,Move-in Special | Enjoy newly reduced rates PLUS up to 3 months FREE on select apartment homes! | Highlights | Furnished Units Available,,Official floorplans checked in prior refresh,,,,Already in app pool or user-requested source queue; cross-check official source.,Not visible,Not visible,Not visible,Not visible,Recurring fees observed: Trash $20/mo + Amenities $60/mo + RUBS billing $3.39/mo = $83.39/mo; utilities need lease confirmation,Not visible,Not visible,"Ask for full fee sheet, parking, deposit, insurance, guarantor/student policy",,,"reddit: maintenance_fees_route: An Axis 201 thread includes one first-person positive renewal report with quick fixes and clean amenities, plus separate concerns around amenity fee, staff experience, night route, and local services.: use=verification_trigger: follow_up=For Axis 201, verify amenity fee, manager/staff contact, 24/7 maintenance policy, pest/plumbing history, and walking route to Yale/Science Hill at night.: https://www.reddit.com/r/newhaven/comments/1jfeeew/axis_201/ || reddit: quiet: A recent comment says Axis 201's area is quiet if noise is the user's biggest concern; evidence is thin but useful as a hypothesis.: use=verification_trigger: follow_up=During official refresh, compare Axis for Science Hill/SOM users who prioritize quiet over downtown services; verify with current residents and map checks.: https://www.reddit.com/r/newhaven/comments/1s011vz/new_haven_apartment_advice/",2,0,0,2,0,,,availability and lease/sublet terms,2026-07-01
the-taft,The Taft,app_seed_profile,rankable_in_app,partial,Central / Chapel-College corridor · 265 College St,1865,3300,"$1,865-$2,060 studio; $2,150-$2,440 1BR; $2,950-$3,300 2BR",2 months free for studio/1BR leases with move-in on or before 2026-08-01; not counted in budget score.,"Marketplace sqft check: studio $1,920-$2,115 / 424-524 sq ft, about $3.66-$4.99 per sq ft. Studio lofts look stronger on $/sq ft, but exact unit condition matters.",Paredim + RentCafe refreshed 2026-06-29; fee sheet still incomplete,2,https://www.apartments.com/the-taft-new-haven-ct/3q7c2gd/,total_monthly_price,yes,7,Studio,"$1,920 – $2,115",424 – 524 Sq Ft,3.66,1-Bedroom Loft,"$2,750","1,218 Sq Ft",2.26,"Move-in Special | 2 Months Free on Studio & 1-Bedroom Apartments when you move in by August 1, 2026. | Highlights | Premier Transit Location",,Official Paredim page checked,,,,Already in app pool or user-requested source queue; cross-check official source.,Not visible,Not visible,Not visible,Skip-security-deposit promotion visible; conditions unknown,Trash $20/mo + Amenities $35/mo = $55/mo; heat and hot water included,Not visible,Not visible,"Ask for full fee sheet, parking, deposit alternative terms, insurance, guarantor/student policy | Ask exact unit eligibility; lease term; credit approval; whether deposit waiver uses a third-party bond. | Confirm whether all floorplans have the same recurring fee and whether other monthly fees apply. | Ask if resident parking is available; monthly price; waitlist; nearby garage arrangements. | Ask standard application fee and whether Yale student status qualifies for any waiver. | Request admin; holding; move-in; package; utility billing; amenity fees. | Ask standard deposit; deposit alternative conditions; whether Yale students qualify. | Ask electricity; internet; water/sewer/trash billing; average monthly ranges. | Ask if renter's insurance or liability waiver is required and the minimum coverage. | Ask policy for students without US credit history or SSN; accepted guarantor alternatives. | Ask CORT/package cost; minimum term; whether furniture applies to standard leases.",move_in_concession: Limited-time offer: 2 months free on studios and 1BR apartments with move-in date on or before August 1 2026; skip-security-deposit promo also visible.: confidence=high: status=conditional_offer || recurring_monthly_fees: Floorplan cards show Trash $20 and Amenities $35; Total $55.: confidence=high: status=verified_public || parking: Not visible on public official page.: confidence=low: status=not_visible || application_fee: General application fee not visible; preferred employer program says tenant screening fee waived for eligible employees with approved credit.: confidence=low: status=partial_public || admin_fee: Not visible on public official page.: confidence=low: status=not_visible || security_deposit: Skip-security-deposit promotion visible; preferred employer program says $250 security deposit or $87.50 Sure Deposit Bond with approved credit for eligible employees.: confidence=medium: status=conditional_offer || utilities_included: Heat and hot water included; individually controlled heat and air conditioning listed.: confidence=medium: status=partial_public || renter_insurance: Not visible on public official page.: confidence=low: status=not_visible || guarantor_policy: Not visible on public official page.: confidence=low: status=not_visible || furnished_status: Short-term rentals available; corporate apartments furnished by CORT listed; normal student lease furniture cost not visible.: confidence=medium: status=partial_public,,"reddit: management_noise: Taft thread is old but includes a later update reporting elevator/trash/management/noise concerns, alongside older comments praising location and unit views.: use=verification_trigger: follow_up=For Taft, treat Reddit as stale; verify current elevator reliability, trash/recycling area, management contact, street-facing noise, and pet-floor policy.: https://www.reddit.com/r/newhaven/comments/hk5g6a/taft_apartments/ || reddit: management_transition: A YNHH thread includes a negative first-person Taft management comment and another reply noting prior ownership/management changed; this points to management-change verification.: use=verification_trigger: follow_up=Ask Taft leasing office who manages the building now and how emergency maintenance, elevators, trash, and noise complaints are handled.: https://www.reddit.com/r/newhaven/comments/1b010zp/best_highrise_apartment_buildings_in_near_ynhh/",,,,,,,,,2026-07-01
metro-on-crown,Metro on Crown,research_candidate,,,,,,,,,,3,https://www.apartments.com/metro-on-crown-new-haven-ct/ql5klyz/,total_monthly_price,yes,7,Studio,"$1,939 – $2,124",435 – 975 Sq Ft,1.99,Two Bed Two Bath Plus,"$3,479 – $4,279","1,054 – 1,865 Sq Ft",1.87,Move-in Special | NOW OPEN ON SUNDAYS! Move-in specials - Two Months Free - Limited Availability - Be Happy! | Highlights | Premier Transit Location,https://metrostarapartments.com/new-haven-ct-apartments/,Official/manager URL confirmed; property-level public detail missing,Official manager page confirmed; no property-level rent/sqft/availability fields extracted.,Not confirmed on official page; marketplace says two months free.,not_visible,New or underweighted mainstream candidate surfaced by marketplace ranking; needs official-source check. | Use Metro Star official/manager page as identity lead; request leasing office or property-specific page for rent/sqft/fees before app ranking. | Find property-specific official page or request leasing-office rent/sqft/fee sheet.,Not visible on official manager page,Not visible,Not visible,Not visible,Not visible,Not visible,Not visible,"Request property-specific official page or full leasing-office fee sheet before adding to app ranking. | Find property-specific official page or request written fee sheet. | Marketplace mentions two months free; verify with leasing office. | Ask monthly parking price, availability, EV/garage options, and whether parking is guaranteed. | Ask application fee per applicant and screening fee. | Ask admin, amenity, package, move-in, holding, and utility billing fees. | Ask standard deposit, deposit alternative, refund terms, and whether any promotion applies. | Ask included utilities, tenant-paid utilities, property-billed utilities, and average monthly ranges. | Ask if renters insurance or liability waiver is required and minimum coverage. | Ask policy for students without US credit or SSN, guarantor rules, and third-party guarantor acceptance.","official_source_detail: Official/manager URL confirmed through marketplace lead, but the public manager page did not expose property-level rent, availability, fees, or policies.: confidence=low: status=partial_public || move_in_concession: Not visible on the official/manager page checked.: confidence=low: status=not_visible || parking: Not visible on the official/manager page checked.: confidence=low: status=not_visible || application_fee: Not visible on the official/manager page checked.: confidence=low: status=not_visible || admin_fee: Not visible on the official/manager page checked.: confidence=low: status=not_visible || security_deposit: Not visible on the official/manager page checked.: confidence=low: status=not_visible || utilities_included: Not visible on the official/manager page checked.: confidence=low: status=not_visible || renter_insurance: Not visible on the official/manager page checked.: confidence=low: status=not_visible || guarantor_policy: Not visible on the official/manager page checked.: confidence=low: status=not_visible",,,,,,,,,,,2026-07-02
olive-wooster,Olive & Wooster,app_seed_profile,rankable_in_app,partial,Wooster Square / downtown edge · 87 Union St,2400,3800,Official page shows specials; exact rent needs availability refresh,Official page shows up to 3 months free on select apartments and reduced pricing on select 1BR; not counted in budget score.,"Marketplace sqft check: A1 1BR $1,880-$2,824 / 631 sq ft, about $2.98-$4.48 per sq ft. Co-living floorplans appear separately, so compare rent basis carefully.",Official site refreshed 2026-06-29; rent table not visible in static page,4,https://www.apartments.com/olive-wooster-new-haven-ct/dmwfmsl/,total_monthly_price,yes,17,A1,"$1,880 – $2,824",631 Sq Ft,2.98,C2-A with Den,"$4,332 – $6,058","1,513 Sq Ft",2.86,"* Price shown is total price based on community-supplied monthly required fees. Excludes user-selected optional fees and variable or usage-based fees and required charges due at or prior to move-in or at move-out.View Fees and Policies for details. Price, availability, fees, and any applicable rent special are subject to change without notice. | * Square footage definitions vary. Displayed square footage is approximate. | Fees and Policies | Cost Calculator",,Official availability + Rose Valley rental policy link checked,,,,Already in app pool or user-requested source queue; cross-check official source.,Not visible,Not visible,Not visible,Not visible,Not visible; contact leasing team,Not visible,Not visible,Call/email leasing; rental policy page was not text-extractable in this pass | Ask exact unit eligibility; lease length; move-in deadline; whether concession appears in writing. | Ask monthly garage price; availability; EV options; guest parking rules. | Request written application fee per applicant. | Request admin; holding; move-in; package; amenity; utility billing fees. | Request deposit amount; any deposit alternative; refund terms. | Ask whether Wi-Fi is included in rent; who pays electric; water; sewer; trash; utility admin. | Ask if renter's insurance or liability waiver is required and the minimum coverage. | Ask policy for students without US credit history or SSN; accepted guarantor alternatives. | Ask whether furnished units or furniture-rental packages exist and what they cost. | Request a written PDF or email with all rental criteria and fee fields.,move_in_concession: Up to 3 months free on select apartments; reduced pricing on select 1BR apartments.: confidence=medium: status=conditional_offer || parking: Garage parking and bike storage listed as community amenities; monthly parking price not visible.: confidence=medium: status=partial_public || application_fee: Not visible on public official pages.: confidence=low: status=not_visible || admin_fee: Not visible on public official pages.: confidence=low: status=not_visible || security_deposit: Not visible on public official pages.: confidence=low: status=not_visible || utilities_included: In-unit laundry and Hi-Speed Wi-Fi are listed; billing and rent-inclusion terms are not visible.: confidence=low: status=partial_public || renter_insurance: Not visible on public official pages.: confidence=low: status=not_visible || guarantor_policy: Not visible on public official pages.: confidence=low: status=not_visible || furnished_status: Furnished status not visible on public official pages.: confidence=low: status=not_visible || rental_policy: Rose Valley rental policy page identifies Olive & Wooster but no policy detail was extractable in public text.: confidence=low: status=partial_public,"news: local_service: A new Rooted Olive food/wine retail concept was reported near Frank Pepe's, Gioia, and Libby's, reinforcing Wooster local-service density.: use=verification_trigger: follow_up=Verify store opening/current status before listing as nearby service.: https://www.nhregister.com/business/article/rooted-olice-birch-twine-frank-pepes-new-haven-21950067.php || news: parking: Zeneli second-location approval involved off-street parking discussion; useful as neighborhood parking-pressure trigger.: use=verification_trigger: follow_up=For car owners in Wooster-area apartments, verify apartment parking availability/cost and guest parking.: https://www.nhregister.com/news/article/zeneli-pizzeria-new-haven-ct-wooster-street-apizza-22257201.php","reddit: co_living: A first-person O&W co-living report raises concerns about thin walls, roommate assignment surprises, package-room organization, and value for shared units; other commenters still like the Wooster location.: use=verification_trigger: follow_up=For O&W, verify co-living roommate assignment process, allergy/pet policy, package handling, soundproofing, and whether shared-unit pricing beats studios elsewhere.: https://www.reddit.com/r/newhaven/comments/19d3zb7/olive_and_wooster_apartments/ || reddit: fit_tradeoff: In a YNHH high-rise thread, one commenter says they would choose a different building after O&W, while another asks for details; the signal is weak but points to checking third-party reviews.: use=verification_trigger: follow_up=Cross-check O&W with Apartments.com/Google recent reviews and ask about package room, co-living, and noise before recommending strongly.: https://www.reddit.com/r/newhaven/comments/1b010zp/best_highrise_apartment_buildings_in_near_ynhh/",1,0,0,0,0,location convenience,,,2026-07-01
pierpont-city-crossing,Pierpont at City Crossing,app_seed_profile,rankable_in_app,partial,Downtown Crossing / station-med edge,2218,3613,"$2,218+ Jr Studio; $2,486+ 1BR; $3,613+ 2BR",,,RMS official page + embedded RentCafe refreshed 2026-06-29,5,https://www.apartments.com/city-crossing-new-haven-ct/ekygkpn/,plus_fees_or_base_rent,yes,0,,,,,,,,,Move-in Special | New residents enjoy 1-month free on select units and lease terms at City Crossing! Subject to terms and can expire at any time. Contact our leasing team for details and schedule your tour today. | Highlights | Premier Transit Location,,Official RMS page checked,,,,Already in app pool or user-requested source queue; cross-check official source.,Covered/gated onsite parking confirmed; short-term stays include 1 parking space; standard lease price not visible,Not visible,Not visible,Not visible,Short-term stays include utilities and Wi-Fi; standard lease utilities not confirmed,Not visible,Not visible,Ask standard lease fee sheet; separate from short-term all-in terms,,,,1,0,0,0,0,,,,2026-07-01
canal-crossing-at-whitneyville-west-380-mather-st-hamden-ct-06514,"Canal Crossing at Whitneyville West 380 Mather St, Hamden, CT 06514",research_candidate,,,,,,,,,,6,https://www.apartments.com/canal-crossing-at-whitneyville-west-hamden-ct/5ycp88m/,total_monthly_price,,0,,,,,,,,,,,,,,,Outside current Yale apartment MVP center of gravity; keep only as coverage signal.,,,,,,,,,,,,,,,,,,,,2026-07-01
cadence-on-canal,Cadence on Canal,research_candidate,,,,,,,,,,7,https://www.apartments.com/cadence-on-canal-new-haven-ct/05nywg2/,total_monthly_price,yes,14,A2.1,"$1,810 – $1,830",491 Sq Ft,3.69,F1.2,"$3,072","1,033 Sq Ft",2.97,Move-in Special | UP TO 2 MONTHS FREE. new applications only. subject to change without notice. | Highlights | New Construction,,,,,,Already in app pool or user-requested source queue; cross-check official source.,,,,,,,,,,,"reddit: coverage_gap: Cadence is discussed mostly as a new/interesting option with limited lived-experience evidence; one commenter raises nearby route concerns, another says they have not heard much because it just opened.: use=coverage_gap: follow_up=Use official sources and current tours for Cadence; do not rely on Reddit for ranking yet.: https://www.reddit.com/r/newhaven/comments/1l57qgn/9th_square_winchester_lofts_or_cadence_on_canal/",,,,,,,,,2026-07-01
winchester-lofts,Winchester Lofts,research_candidate,,,,,,,,,,8,https://www.apartments.com/winchester-lofts-new-haven-ct/rq6y9v1/,total_monthly_price,yes,13,0BB,"$1,980",378 Sq Ft,5.24,2CA,"$3,080 – $3,215","1,036 Sq Ft",2.97,Rent Special! | Apply today to receive 2 months off rent!* *Terms and conditions apply. Contact our leasing office for more information. | Highlights | Loft Layout,,not_started,,,,New or underweighted mainstream candidate surfaced by marketplace ranking; needs official-source check. | Find official property or manager source; capture rent/sqft/fees; compare against marketplace fee_mode and sqft signals.,,,,,,,,,,,,,,,,,,,,2026-07-01
the-winston,The Winston,research_candidate,,,,,,,,,,9,https://www.apartments.com/the-winston-new-haven-ct/rw0etz2/,total_monthly_price,yes,20,Studio-S7,"$1,998",510 Sq Ft,3.92,2 Bed-2 Bath-B1,"$3,293 – $3,493","1,080 Sq Ft",3.05,"Move-in Special | Act Now - Up to 3 Months Free Base Rent on Select Homes, with Availability Through October! *Restrictions May Apply | Highlights | New Construction",,not_started,,,,New or underweighted mainstream candidate surfaced by marketplace ranking; needs official-source check. | Find official property or manager source; capture rent/sqft/fees; compare against marketplace fee_mode and sqft signals.,,,,,,,,,,,,,,,,,,,,2026-07-01
curio-269,Curio 269,research_candidate,,,,,,,,,,10,https://www.apartments.com/curio-269-new-haven-ct/2qk0f59/,total_monthly_price,yes,7,Chenille,"$1,707 – $1,772",517 Sq Ft,3.3,Houndstooth,"$2,147",726 Sq Ft,2.96,Move-in Special | Two months free on select units and terms. | Highlights | Premier Transit Location,,,,,,Already in app pool or user-requested source queue; cross-check official source.,,,,,,,,,,,"reddit: new_building_readiness: An older Curio/Archive thread focused on whether new buildings were finished, legitimate, and tourable; commenters raised new-build thin-wall concerns and suggested verifying finished units.: use=verification_trigger: follow_up=For new/renovated buildings, verify certificate/opening readiness, actual tourable unit, construction completion, and soundproofing before app promotion.: https://www.reddit.com/r/newhaven/comments/1e96qgs/new_apartment_complexes_eg_curio_the_archive/ || reddit: coverage_gap: Curio appears in broader new-building comparison threads, but no strong current first-person lived-experience signal was captured.: use=coverage_gap: follow_up=Verify current official fees, doorman/access, lease concessions, and soundproofing through leasing office and current resident sources.: https://www.reddit.com/search/?q=Curio%20269%20New%20Haven&type=posts&sort=relevance",1,0,0,0,0,,,,2026-07-01
the-liberty-building,"The Liberty Building 152 Temple St, New Haven, CT 06510",research_candidate,,,,,,,,,,11,https://www.apartments.com/the-liberty-building-new-haven-ct/rnp82d1/,plus_fees_or_base_rent,not_seen,0,,,,,,,,,"Move-In Special | New residents enjoy up to 2-months free on a lease that is 12-months or greater. For a limited time, and only on select units while they last! Please contact our Leasing Office for details on our leasing offer! | Highlights | Top Rated by Renters",,not_started,,,,New or underweighted mainstream candidate surfaced by marketplace ranking; needs official-source check. | Find official property or manager source; capture rent/sqft/fees; compare against marketplace fee_mode and sqft signals.,,,,,,,,,,,,1,1,0,0,0,,,,2026-07-01
new-haven-towers,New Haven Towers / NHV Towers,app_seed_profile,rankable_in_app,partial,Downtown York/Park/High cluster · 4 buildings,1695,4795,"Madison studio $1,695+; Crown/Court/18 High vary by building",,,Official floorplans refreshed 2026-06-29; tower-level pricing captured,12,https://www.apartments.com/new-haven-towers-new-haven-ct/m00tg0k/,total_monthly_price,not_seen,0,,,,,,,,,"* Price shown is total price based on community-supplied monthly required fees. Excludes user-selected optional fees and variable or usage-based fees and required charges due at or prior to move-in or at move-out.View Fees and Policies for details. Price, availability, fees, and any applicable rent special are subject to change without notice. | * Square footage definitions vary. Displayed square footage is approximate. | Fees and Policies | The fees listed below are community-provided and may exclude utilities or add-ons. All payments are made directly to the property and are non-refundable unless otherwise specified.",,Official floorplans checked,,,,Already in app pool or user-requested source queue; cross-check official source.,Madison $90-$110/mo; Crown indoor $100-$125/mo; 18 High indoor limited $170/mo,$50/person,Not visible,Security deposit = 1.5 months,Heat/hot water included and in most cases A/C; tenant pays electricity for lights/appliances only,Not visible,Not visible,Ask insurance and guarantor/student policy; clarify any admin/holding fees,,,"reddit: med_campus_fit: A Yale postdoc/YNHH spouse thread treats Crown/Madison/18 High as strong walking-distance options for the hospital, with 18 High newer and Crown/Madison older but valued by commenters.: use=verification_trigger: follow_up=For Med School/YNHH persona, keep New Haven Towers cluster high-fit but verify current availability, utilities, laundry, and which tower best matches budget/amenity needs.: https://www.reddit.com/r/yale/comments/1ji7lr4/new_haven_towers_review/ || reddit: retention: Older Yale thread has two first-person positive Crown Court signals, including one resident who liked it enough to renew; another reply says fit depends on school/campus.: use=verification_trigger: follow_up=Use as stale social heat only; do not claim current quality without fresh review and official fee refresh.: https://www.reddit.com/r/yale/comments/mfr43n/new_haven_towers_anyone_have_experience_living/ || reddit: utilities_commute: YNHH thread highlights walkability to hospital, medical-resident/student presence, and possible utility advantages in older tower-style buildings; 360 all-in cost and utility uncertainty also appears.: use=verification_trigger: follow_up=For medical persona, show commute and utilities as separate dimensions; verify exactly which utilities are included per tower/unit.: https://www.reddit.com/r/newhaven/comments/1b010zp/best_highrise_apartment_buildings_in_near_ynhh/",,,,,,,,,2026-07-01
haven-on-college,"The Haven on College 200 College St, New Haven, CT 06510",research_candidate,,,,,,,,,,13,https://www.apartments.com/the-haven-on-college-new-haven-ct/frby3vv/,plus_fees_or_base_rent,not_seen,0,,,,,,,,,"One Time Move In Specials | July Move-In: 1-month free rent and a $1,000 gift card with a 13-monthe lease. Lease end date: 7/31/2027 August Move-In: $1,500 off plus a $1,000 gift card. Lease end date: 7/31/2027 Yale / Preferred Employer Special: 2% discount Apply & Sign Bonus: $250 move-in credit for applicants who apply and sign within 48 hours $1,000 Security Deposit | Highlights | Top Rated by Renters",,,,,,Already in app pool or user-requested source queue; cross-check official source.,,,,,,,,,,,reddit: identity_parking: A thread notes College and Crown may now appear as Haven on College at 200 College St; the OP cared about two parking spots and pet fit.: use=verification_trigger: follow_up=Resolve current property identity/brand and verify parking availability for multi-car households.: https://www.reddit.com/r/newhaven/comments/1s2emvk/opinions_on_nicer_apartment_buildings/,1,0,0,1,0,,,availability and lease/sublet terms,2026-07-01
twenty-fair-20-34-fair-st-new-haven-ct-06511,"Twenty Fair 20-34 Fair St, New Haven, CT 06511",research_candidate,,,,,,,,,,14,https://www.apartments.com/twenty-fair-new-haven-ct/cxjxqbf/,total_monthly_price,,0,,,,,,,,,,,,,,,User asked to drop Twenty Fair from current MVP pool.,,,,,,,,,,,,,,,,,,,,2026-07-01
200-fountain-216-fountain-st-new-haven-ct-06515,"200 Fountain 216 Fountain St, New Haven, CT 06515",research_candidate,,,,,,,,,,15,https://www.apartments.com/200-fountain-new-haven-ct/t8e0l5c/,plus_fees_or_base_rent,,0,,,,,,,,,,,,,,,Outside current Yale apartment MVP center of gravity; keep only as coverage signal.,,,,,,,,,,,,,,,,,,,,2026-07-01
estelle,Estelle,app_seed_profile,rankable_in_app,partial,Downtown / New Haven Green edge · 19 Elm St,2795,5795,"Studio inquire; $2,795+ 1BR; $3,870+ 2BR; $4,725+ 3BR; $5,795+ 4BR",Opening offer: 2 months free on 12-month lease or 4 months free on 24+ month lease; not counted in budget score.,"Marketplace sqft check: S1 studio $2,290 / 469 sq ft, about $4.88 per sq ft. Larger layouts may improve $/sq ft but raise total monthly cost.",Official site + SecureCafe refreshed 2026-06-29; opening/fees need confirmation,16,https://www.apartments.com/estelle-new-haven-new-haven-ct/kmxwvs8/,total_monthly_price,yes,12,S1,"$2,290",469 Sq Ft,4.88,B4D,"$4,040 – $4,105","1,213 Sq Ft",3.33,"Move-in Special | Be among the first to call Estelle home — opening August 1st, 2026! For a limited time, enjoy incredible lease incentives: • 2 months FREE on a 12-month lease • 4 months FREE on a 24+ month lease Specials, pricing, lease terms, and availability may change daily. Please reach out for complete details and restrictions. | Highlights | New Construction",,Official site/SecureCafe pricing previously checked; public fee sheet not visible,,,,Already in app pool or user-requested source queue; cross-check official source.,Not visible,Not visible,Not visible,Not visible,Not visible,Not visible,Not visible,Request opening-year fee sheet and guarantor/international student policy | Ask whether all amenities and units are ready for the desired move-in date. | Ask exact unit eligibility; lease length; expiration; whether concession appears in lease/addendum. | Ask monthly parking price; availability; EV charging pricing; whether parking is guaranteed. | Request written application fee per applicant. | Request admin; holding; move-in; package; amenity; utility billing fees. | Request security deposit; deposit alternative; holding fee; refund terms. | Ask which utilities are included; tenant-paid; property-billed; average monthly ranges. | Ask if renter's insurance or liability waiver is required and the minimum coverage. | Ask policy for students without US credit history or SSN; accepted guarantor alternatives. | Ask furnished package cost; inventory; minimum term; what items are included.,opening_date: Official structured data lists opening date as 2026-07-01.: confidence=medium: status=verified_public || move_in_concession: Official site asset says limited-time incentives: 2 months free on a 12-month lease or 4 months free on a 24+ month lease; specials may change daily.: confidence=medium: status=conditional_offer || parking: Official site asset says garage parking is available for residents and EV charging stations are offered; current availability and price require leasing contact.: confidence=medium: status=partial_public || application_fee: Not visible on public official pages or extracted official site asset.: confidence=low: status=not_visible || admin_fee: Not visible on public official pages or extracted official site asset.: confidence=low: status=not_visible || security_deposit: Not visible on public official pages or extracted official site asset.: confidence=low: status=not_visible || utilities_included: Utility inclusion or billing terms not visible on public official pages or extracted official site asset.: confidence=low: status=not_visible || renter_insurance: Not visible on public official pages or extracted official site asset.: confidence=low: status=not_visible || guarantor_policy: Not visible on public official pages or extracted official site asset.: confidence=low: status=not_visible || furnished_status: Official site asset says optional furnished apartments are available at cost.: confidence=medium: status=partial_public,,reddit: coverage_gap: No useful Estelle-specific Reddit signal captured in this run.: use=coverage_gap: follow_up=Use official/leasing-office sources and RedNote/social Chinese search for Estelle until Reddit evidence appears.: https://www.reddit.com/search/?q=Estelle%20New%20Haven%20apartment&type=posts&sort=relevance,,,,,,,,,2026-07-01
the-audubon,The Audubon,app_seed_profile,rankable_in_app,partial,Audubon / Whitney-Arts corridor · 367 Orange St,2250,4952,"$2,250+ studio; $2,671+ 1BR; $3,691+ 2BR; $4,180+ 3BR estimated monthly cost",Official home page advertises up to 1.5 months free on select homes; not counted in budget score.,,Official site refreshed 2026-06-29; estimated monthly cost needs fee breakdown,17,https://www.apartments.com/the-audubon-new-haven-new-haven-ct/kcmgr7b/,plus_fees_or_base_rent,yes,0,,,,,,,,,"Move-in Special | Enjoy Up to 1.5 Months Free on Select Apartment Homes* OFFICE CLOSED – MEMORIAL DAY 5/25/26 Modern New Haven living with spacious layouts, premium finishes, and convenient access to downtown, Yale, dining, shopping, and more. *Available on select units. Restrictions apply. Contact the leasing office for details. Pricing and availability subject to change. | Highlights | Top Rated by Renters",,Official floorplans + FAQ checked,,,,Already in app pool or user-requested source queue; cross-check official source.,Garage parking confirmed as amenity; price not visible,Not visible,Not visible,Not visible,Estimated Monthly Cost and cost-estimator labels visible; itemized utilities/services not public,Not visible,Not visible,Ask leasing for cost-estimator itemization and fee sheet,,,,4,0,0,1,0,location convenience,,availability and lease/sublet terms,2026-07-01
the-eli,"The Eli 227 Church St, New Haven, CT 06510",research_candidate,,,,,,,,,,18,https://www.apartments.com/the-eli-new-haven-ct/yw3es2t/,total_monthly_price,yes,11,1st Floor Plan F,"$2,035",485 Sq Ft,4.2,1st Floor Plan J,"$2,675",977 Sq Ft,2.74,Move-in Special | One Month Free Rent on Select Apartments! | Highlights | Premier Transit Location,https://www.theeli227.com/floorplans,Official floorplans and amenities checked,"Official RentCafe floorplans visible: studios from 400-600 sqft, 1BR examples 672-1,184 sqft, 2BR examples 1,000-1,550 sqft, 3BR example 1,625 sqft; starting rents visible.",Official page says 1 month free on select units and reduced security deposit for qualified applicants.,not_visible,New or underweighted mainstream candidate surfaced by marketplace ranking; needs official-source check. | Use official RentCafe floorplans/concession for source profile; collect parking/admin/deposit/utilities/insurance/guarantor before app ranking. | Collect parking/admin/deposit/utilities/insurance/guarantor fields before ranking.,Off-street parking listed; price and availability not visible,Not visible,Not visible,Reduced security deposit for qualified applicants is promoted; standard deposit and eligibility not visible,High-speed internet and individually controlled heat/AC listed; inclusion/billing terms not visible,Not visible,Not visible,"Request parking price, standard deposit, app/admin fees, utilities, insurance, guarantor/international-student policy, and furnished package cost. | Ask exact unit eligibility, lease term, expiration, and whether reduced deposit appears in lease terms. | Ask monthly parking price, availability, garage/lot rules, and guest parking. | Request written application fee and screening fee per applicant. | Request admin, holding, move-in, package, amenity, and utility billing fees. | Ask standard deposit, reduced-deposit eligibility, approval criteria, and refund terms. | Ask whether internet, heat, hot water, water/sewer, trash, gas, and electricity are included or tenant-paid. | Ask if renters insurance or liability waiver is required and minimum coverage. | Ask policy for students without US credit or SSN, guarantor rules, and third-party guarantor acceptance. | Ask pet fee, pet rent, limits, and approval rules. | Ask furnished package cost, inventory, minimum term, and what items are included.","move_in_concession: Official floorplans page promotes 1 month free on select units and reduced security deposit for qualified applicants.: confidence=medium: status=conditional_offer || parking: Official amenities page lists off-street parking; price and resident availability are not visible.: confidence=medium: status=partial_public || application_fee: Not visible on public official pages checked.: confidence=low: status=not_visible || admin_fee: Not visible on public official pages checked.: confidence=low: status=not_visible || security_deposit: Reduced security deposit is promoted for qualified applicants; standard deposit and eligibility rules are not visible.: confidence=medium: status=conditional_offer || utilities_included: Official amenities list high-speed internet and individually controlled heat/AC; billing and rent-inclusion terms are not visible.: confidence=low: status=partial_public || renter_insurance: Not visible on public official pages checked.: confidence=low: status=not_visible || guarantor_policy: Not visible on public official pages checked.: confidence=low: status=not_visible || pet_fee: Official pet policy says contact for details; no fee amount visible.: confidence=low: status=partial_public || furnished_status: Official amenities list furnished corporate apartments and furnished units; cost, inventory, and standard-student-lease availability are not visible.: confidence=medium: status=partial_public",,,,,,,,,,,2026-07-02
the-union,"The Union Apartments New Haven 205 Church St, New Haven, CT 06510",research_candidate,,,,,,,,,,19,https://www.apartments.com/the-union-apartments-new-haven-new-haven-ct/dsh4wrk/,total_monthly_price,not_seen,9,C-line,"$1,975",375 Sq Ft,5.27,Two Bedroom,"$3,880 – $4,100","1,180 Sq Ft",3.29,Rent Special! | 1 Month Free with a 12 month lease! | Highlights | Premier Transit Location,https://renttheunion.com/residences/,"Official residences, FAQ, amenities, and contact pages checked","Official residences page lists studios, 1BR, 2BR, penthouse/Sky ranges; studios and 1BR/2BR ranges visible, but 2BR official line has a likely formatting typo.",Official page says ask about specials; marketplace says 1 month free with 12-month lease.,not_visible,New or underweighted mainstream candidate surfaced by marketplace ranking; needs official-source check. | Use official residences page for source profile; verify current 2BR range and collect full fee sheet before app ranking. | Confirm current 2BR range typo and collect full fee sheet.,Parking not visible on checked official pages,$100/person non-refundable application fee,No amenity fee for listed amenities; general admin/move-in/package/utility admin fees not visible,$400 holding deposit; applied to security deposit after approval and lease signing; final deposit formula not visible,Water and gas included; listed amenities have no additional fee; electric/internet/trash details not visible,Proof of renters insurance required before lease start,Guarantors must apply when applicable; criteria and international/third-party guarantor policy not visible,"Confirm 2BR price range typo, parking, electric/internet/trash, final deposit formula, and guarantor criteria. | Marketplace mentions 1 month free with 12-month lease; verify official current terms. | Confirm whether amount is current and whether credit-card processing fee applies. | Confirm exact payment timing and whether any additional security deposit is due. | Ask final security deposit formula and return terms. | Ask electricity, internet, sewer/trash, utility admin fees, and average monthly ranges. | Ask whether any admin, move-in, package, or utility billing fee applies. | Ask minimum coverage and whether liability waiver alternatives exist. | Ask when guarantor is required, income/credit criteria, international guarantor acceptance, and third-party guarantor acceptance. | Confirm pet rent, restricted animals, deposits, and assistance-animal process. | Ask parking availability, price, EV/garage options, waitlist, and guest parking.","move_in_concession: Official residences page says to ask about specials; exact public offer terms are not visible on official page.: confidence=low: status=partial_public || application_fee: Official FAQ says each individual staying in the apartment, including guarantors, must apply; non-refundable application fee is $100 per person.: confidence=high: status=verified_public || holding_deposit: Official FAQ says a $400 holding deposit is required to secure the apartment; refundable only if denied or if applicant cancels within three days; applied to security deposit after approval and lease signing.: confidence=high: status=verified_public || security_deposit: Holding deposit is applied to security deposit after approval and lease signing; final security deposit amount beyond holding deposit is not visible.: confidence=medium: status=partial_public || utilities_included: Official FAQ says water and gas are included; no additional fees for listed amenities such as The Guild, Outdoor Lounge, and Fitness Center.: confidence=high: status=verified_public || admin_fee: Official FAQ says no additional fees for listed amenities; general admin, move-in, package, or utility billing fees are not separately visible.: confidence=medium: status=partial_public || renter_insurance: Official FAQ says proof of renters insurance is required before lease start.: confidence=high: status=verified_public || guarantor_policy: Official FAQ says guarantors must complete the online application when applicable; acceptance criteria and student/international policies are not visible.: confidence=medium: status=partial_public || pet_fee: Official FAQ says up to two pets per apartment are allowed for a one-time fee of $200 per pet.: confidence=high: status=verified_public || parking: Parking price and resident availability are not visible on public official pages checked.: confidence=low: status=not_visible",,"reddit: downtown_noise_amenities: A Yale grad-student apartment review thread reports positive first-person experience at The Union and flags downtown/bar noise for Metro/College-and-Crown style locations.: use=verification_trigger: follow_up=For Haven on College / College and Crown identity, verify current brand/name, parking, noise exposure, and management; for Union, refresh current official data.: https://www.reddit.com/r/newhaven/comments/146pmpt/apartment_reviews_the_novella_the_union_college/ || reddit: campus_fit: An incoming med-campus grad student compares location, privacy, price, quality, and route comfort; commenters map Union/Eli to newer in-unit laundry and Towers to shortest med-campus walk.: use=verification_trigger: follow_up=Use this as persona evidence: Med Campus fit is not the same as Central Campus fit; ask campus destination first in MVP.: https://www.reddit.com/r/newhaven/comments/te1lby/the_union_vs_the_eli_vs_new_haven_towers/",,,,,,,,,2026-07-02
james-english-building-105-court-st-new-haven-ct-06511,"James English Building 105 Court St, New Haven, CT 06511",research_candidate,,,,,,,,,,20,https://www.apartments.com/james-english-building-new-haven-ct/yewlgrs/,total_monthly_price,yes,3,1BR/1.0BA,"$1,995 – $2,325",565 – 667 Sq Ft,2.99,1BR/1.0BA,"$1,995 – $2,325",565 – 667 Sq Ft,2.99,LIMITED TIME SUMMER RENT SPECIAL!! | Secure your unit this summer and receive 1.5 months free on select units and terms!! | Highlights | New Construction,,not_started,,,,New or underweighted mainstream candidate surfaced by marketplace ranking; needs official-source check. | Find official property or manager source; capture rent/sqft/fees; compare against marketplace fee_mode and sqft signals.,,,,,,,,,,,,,,,,,,,,2026-07-01
cambridge-oxford,Cambridge Oxford,research_candidate,,,,,,,,,,21,https://www.apartments.com/cambridge-oxford-new-haven-ct/9pzc2x4/,total_monthly_price,yes,3,The Studio,"$1,920 – $2,036",300 – 350 Sq Ft,5.49,The One Bedroom,"$2,476 – $2,546",530 Sq Ft,4.67,"* Price shown is total price based on community-supplied monthly required fees. Excludes user-selected optional fees and variable or usage-based fees and required charges due at or prior to move-in or at move-out.View Fees and Policies for details. Price, availability, fees, and any applicable rent special are subject to change without notice. | * Square footage definitions vary. Displayed square footage is approximate. | Fees and Policies | Cost Calculator",,not_started,,,,New or underweighted mainstream candidate surfaced by marketplace ranking; needs official-source check. | Find official property or manager source; capture rent/sqft/fees; compare against marketplace fee_mode and sqft signals.,,,,,,,,,,,,,,,,,,,,2026-07-01
360-state,360 State Street,app_seed_profile,rankable_in_app,partial,Downtown high-rise · 360 State St,2055,5200,"$2,055+ studio / $2,254+ 1BR adv.; true cost higher",Official page advertises up to 2 months free + $500 look-and-lease on selected homes; not counted in budget score.,"Marketplace sqft check: Studio S $2,220-$2,345 / 517 sq ft, about $4.29-$4.54 per sq ft. Larger 2BR layouts may have lower $/sq ft, but total rent and fees are higher.",Official site refreshed 2026-06-29; fees still need written sheet,22,https://www.apartments.com/360-state-new-haven-ct/h1zvdd1/,total_monthly_price,yes,15,Studio C,"$2,170",426 Sq Ft,5.09,2 Bedroom 2 Bath PH-C,"$4,328","1,297 Sq Ft",3.34,Move-in Special | Limited Time Only – Get 2 Months Free Rent + $500 Off Select Apartment Homes! | Highlights | Premier Transit Location,,Official floorplans + amenities checked,,,,Already in app pool or user-requested source queue; cross-check official source.,Onsite parking/garage/EV confirmed; price not visible,Not visible,Not visible,Not visible,No fee sheet visible,Not visible,Not visible,"Request written fee sheet: parking price, admin/app fee, deposit, utility billing, insurance, guarantor policy | Ask whether the exact unit qualifies and whether the concession appears in the lease or addendum. | Ask monthly parking price; EV price; whether parking is guaranteed for residents. | Request written application fee per applicant. | Request admin; holding; move-in; package; amenity; utility billing fees. | Request deposit amount and return conditions for the exact unit. | Ask which utilities are included; billed by property; set up by tenant; average monthly ranges. | Ask if renter's insurance or liability waiver is required and the minimum coverage. | Ask policy for students without US credit history or SSN; accepted guarantor alternatives. | Confirm exact pet approval; breed or weight restrictions; whether assistance-animal rules differ. | Ask whether CORT or other furniture rental is available for normal student leases and what it costs.",move_in_concession: Up to 2 months free and an additional $500 look-and-lease special on selected homes; terms apply.: confidence=medium: status=conditional_offer || parking: Attached garage with ample parking and EV charging confirmed; monthly price and resident availability not visible.: confidence=medium: status=partial_public || application_fee: Not visible on public official pages.: confidence=low: status=not_visible || admin_fee: Not visible on public official pages.: confidence=low: status=not_visible || security_deposit: Not visible on public official pages.: confidence=low: status=not_visible || utilities_included: No included-utilities or utility-billing schedule visible in public pages.: confidence=low: status=not_visible || renter_insurance: Not visible on public official pages.: confidence=low: status=not_visible || guarantor_policy: Not visible on public official pages.: confidence=low: status=not_visible || pet_fee: One-time non-refundable pet fee is $400 per pet; pet rent is $35 per pet per month; up to two pets; restrictions apply.: confidence=high: status=verified_public || furnished_status: Furnished-included status not visible; TULU Smart Rental Store listed as an amenity.: confidence=low: status=partial_public,"news: local_service: Market 360 was announced for the former Elm City Market space at 360 State with grocery/deli/cafe/bakery and shopper parking context.: use=fact_field: follow_up=Verify current store hours/status before public app copy.: https://www.nhregister.com/news/article/360-market-former-elm-city-market-new-haven-20160667.php || news: local_service: Market 360 opened in June 2025 in the old Elm City Market space; article described it as downtown's only supermarket at that time.: use=fact_field: follow_up=Refresh current local-service status; do not infer resident discount/parking terms from shopper parking.: https://www.ctinsider.com/business/article/market-360-elm-city-market-new-haven-shopping-20372353.php || news: route: State Street Station upgrade and Court Street Bridge changes may affect future pedestrian/vehicle route context.: use=verification_trigger: follow_up=Before public launch, check construction timeline and route impacts for State/Wooster/downtown-east buildings.: https://www.nhregister.com/news/article/new-haven-ct-dot-state-street-station-21306706.php || news: local_service: News described downtown grocery changes and noted 360 State garage shopper parking plus Square 10 retail plans.: use=verification_trigger: follow_up=Treat grocery landscape as changing; verify current store status by map/website before app local-service claims.: https://www.nhregister.com/news/article/ct-new-haven-downtown-food-markets-groceries-20330696.php","reddit: noise: A mover from NYC asked specifically for quiet apartments near Yale; the thread repeatedly turns on street noise, internal soundproofing, and whether high floors or side of building matter.: use=verification_trigger: follow_up=For every rankable apartment, ask leasing office about unit exposure, floor, elevator/mechanical proximity, and window/soundproofing; add tour checklist item.: https://www.reddit.com/r/newhaven/comments/1to0yw5/moving_from_nyc_to_new_haven_need_advice_on_quiet/ || reddit: noise: A recent advice thread compares newer luxury buildings and frames noise as a building-construction and unit-position issue more than only a neighborhood issue.: use=verification_trigger: follow_up=Add soundproofing, top-floor/corner-unit, and unit-facing questions to verification checklist.: https://www.reddit.com/r/newhaven/comments/1s011vz/new_haven_apartment_advice/ || reddit: elevator_noise_maintenance: The 360 vs Whit thread contains mixed first-person 360 reports: positives include views, concierge, amenities, parking, and responsive maintenance; concerns include elevator waits, downtown noise, appliance age, and dog-rule enforcement.: use=verification_trigger: follow_up=For 360, verify elevator wait expectations by floor, current appliance package by unit, pet-rule enforcement, internet provider/status, fire alarm history, and parking cost.: https://www.reddit.com/r/newhaven/comments/1kj48yr/choosing_between_the_whit_and_360_state_any_advice/ || reddit: downtown_tradeoff: A downtown comparison thread frames all listed options as walkable but asks about management, noise, amenities, and overall experience; one 360 resident liked central location and views, while another commenter notes downtown night noise.: use=verification_trigger: follow_up=Use as evidence that recommendation cards need 'best for' and 'not ideal if noise-sensitive' rationales.: https://www.reddit.com/r/newhaven/comments/1j2mbfo/looking_for_insights_on_these_apts/",,,,,,,,,2026-07-01
the-archive,The Archive,app_seed_profile,rankable_in_app,partial,Downtown / Ninth Square · Chapel / Orange,2164,8513,"$2,232+ studio; $2,164+ 1BR; $3,041+ 2BR; $3,922+ 3BR total monthly price",Official site shows up to 3 months free on 24+ month leases and up to 2 months free on immediate move-ins + Yale discounts; not counted in budget score.,"Marketplace sqft check: Sx1 studio $1,894-$4,944 / 387 sq ft has a wide value range. Larger shared layouts may lower $/sq ft, but roommate split and lease terms must be checked separately.",Official site + Entrata refreshed 2026-06-29; all-in claims need confirmation,23,https://www.apartments.com/the-archive-new-haven-ct/hdc5400/,total_monthly_price,yes,9,Sx1,"$1,894 – $4,944",387 Sq Ft,4.89,3x3,"$3,945 – $7,634","1,050 – 1,107 Sq Ft",3.56,"Move-in Special | Up To 2 Months Free On Immediate Move Ins + Exclusive Yale Discounts ; Exclusions apply, contact the leasing office for details. | Highlights | Top Rated by Renters",,"Official availability, FAQ, sample lease, guarantor form checked",,,,Already in app pool or user-requested source queue; cross-check official source.,Secure covered garage exists; price not visible,Sample lease has placeholder field; exact amount not public,Sample lease has placeholder field; exact amount not public,Sample lease says no security deposit unless Terms page indicates otherwise,FAQ says no amenity/trash fees and high-speed internet included; sample lease says some utility charges may apply and utility billing admin fee <= $6.50/mo; exact Terms needed,MRLI $100k or Damage Waiver Program $14/mo; landlord-procured liability insurance admin fee up to $15/mo if applicable,Cosigner not required but guarantor may be required; sample guaranty form exists,Request unit-specific Terms page to reconcile all-in marketing with lease utilities/fee language | Ask exact unit eligibility; lease length; Yale discount rules; written concession addendum. | Ask monthly parking price; lease form; availability guarantee; guest parking. | Request application fee per applicant and any screening fee. | Ask unit-specific Terms page and all recurring/non-recurring admin fees. | Ask whether the exact unit has no deposit and whether any holding fee or bond applies. | Ask whether this applies to every unit; whether internet equipment or utility admin fees apply. | Ask which utilities are included; tenant-paid; property-billed; capped; and average ranges. | Ask whether third-party insurance can replace DW Program and how to avoid auto-enrollment. | Ask when guarantor is required; whether international guarantors or third-party guarantor services are accepted. | Ask package price; minimum term; delivery timing; what items are included.,move_in_concession: Up to 3 months free on 24+ month leases; up to 2 months free on immediate move-ins plus exclusive Yale discounts; exclusions apply.: confidence=high: status=conditional_offer || parking: Secure covered parking garage for residents; spaces limited and first-come first-served; price not visible.: confidence=medium: status=partial_public || application_fee: Online application exists; exact application fee not visible in public FAQ or sample lease extraction.: confidence=low: status=not_visible || admin_fee: No general admin fee amount visible; sample lease lists utility billing admin fee up to $6.50/mo and landlord-procured liability insurance admin fee up to $15/mo if applicable.: confidence=medium: status=partial_public || security_deposit: Sample lease Terms page says Security Deposit if applicable: Not applicable.: confidence=medium: status=sample_lease_only || amenity_trash_internet: FAQ says no additional fees for amenities or trash and high-speed internet is included in rent.: confidence=high: status=verified_public || utilities_included: FAQ confirms internet/amenity/trash positioning; sample lease has utility table and utility billing admin language that requires unit-specific confirmation.: confidence=medium: status=partial_public || renter_insurance: Sample lease requires either $100000 MRLI or auto-enrollment in Damage Waiver Program at $14/mo; landlord-procured liability insurance admin fee may be up to $15/mo if applicable.: confidence=high: status=sample_lease_only || guarantor_policy: FAQ says cosigners are not required but guarantors may be required; sample guaranty form exists.: confidence=high: status=verified_public || furnished_status: FAQ says spaces are unfurnished; CORT ready-to-go furniture packages are available based on needs and budget.: confidence=high: status=verified_public,,"reddit: concession_lease: A prospective Archive tenant reports a move-in concession advertised for Aug 1 but not present in the lease; replies emphasize getting concession terms in writing before signing.: use=verification_trigger: follow_up=For Archive and all concession offers, require written lease addendum or signed concession document before signing; add 'promotion reflected in lease?' checklist item.: https://www.reddit.com/r/newhaven/comments/1t3vf7d/archive_new_haven_apartment/",2,1,0,0,0,,,,2026-07-01
the-novella,"The Novella 1245 Chapel St, New Haven, CT 06511",research_candidate,,,,,,,,,,24,https://www.apartments.com/the-novella-new-haven-ct/k4k6lqc/,total_monthly_price,yes,5,Suite A,"$2,052 – $2,072",552 Sq Ft,3.72,Suite G,"$2,146 – $2,176",747 Sq Ft,2.87,Move-in Special | Limited Time 2 Month Free Special on Select Apartments Homes. Hurry to Secure your New Home Today! | Highlights | Furnished Units Available,https://www.the-novella.com/,"Official profile, featured floorplans, RealPage shell, and furnish page checked","Official page shows featured floorplans: Studio 455 sqft, Jr. Suite 522 sqft, 1BR 747 sqft; RealPage availability link present but dynamic current rent not captured.",Official page says limited-time 2-month-free special on select apartment homes.,partial_parking_only,New or underweighted mainstream candidate surfaced by marketplace ranking; needs official-source check. | Use official page for source profile; pull RealPage availability manually/browser-side and request fee sheet before app ranking. | Pull RealPage availability manually/browser-side and request fee sheet.,Gated off-street garage or lot parking available; garage has a monthly fee; exact price not visible,Not visible,Not visible,Not visible,Washer/dryer and individually controlled heat/AC listed; billing/inclusion not visible,Not visible,Not visible,"Pull RealPage availability and request exact parking, fees, deposit, utilities, insurance, guarantor policy, pet fees, and CORT package cost. | Ask exact unit eligibility, lease length, expiration, and written concession terms. | Ask monthly garage and lot prices, availability, EV options, and whether parking is guaranteed. | Request application fee and screening fee per applicant. | Request admin, holding, move-in, package, amenity, and utility billing fees. | Ask standard deposit, deposit alternative, holding fee, and refund terms. | Ask included utilities, tenant-paid utilities, property-billed utilities, and average monthly ranges. | Ask if renters insurance or liability waiver is required and minimum coverage. | Ask policy for students without US credit or SSN, guarantor rules, and third-party guarantor acceptance. | Ask pet fee, pet rent, limits, and approval rules. | Ask package price, minimum term, inventory, delivery timing, and what items are included.","move_in_concession: Official page promotes a limited-time 2-month-free special on select apartment homes.: confidence=medium: status=conditional_offer || parking: Official page says gated off-street garage or lot parking is available; separate section says the garage has controlled direct access for a monthly fee, but amount is not visible.: confidence=medium: status=partial_public || application_fee: Not visible on public official pages checked.: confidence=low: status=not_visible || admin_fee: Not visible on public official pages checked.: confidence=low: status=not_visible || security_deposit: Not visible on public official pages checked.: confidence=low: status=not_visible || utilities_included: Official page lists in-home washer/dryer and individually controlled heating/AC; rent inclusion and billing terms are not visible.: confidence=low: status=partial_public || renter_insurance: Not visible on public official pages checked.: confidence=low: status=not_visible || guarantor_policy: Not visible on public official pages checked.: confidence=low: status=not_visible || pet_fee: Official page says pet friendly; fee amount and monthly pet rent are not visible.: confidence=low: status=partial_public || furnished_status: Official furnish page says furnished homes are available through CORT furniture rental with delivery/setup possible in as little as 48 hours; package cost is not visible.: confidence=medium: status=partial_public",,,,,,,,,,,2026-07-02
18-high,"18 High 18 High St, New Haven, CT 06511",research_candidate,,,,,,,,,,25,https://www.apartments.com/18-high-new-haven-ct/226yjkb/,plus_fees_or_base_rent,not_seen,0,,,,,,,,,"* Price shown is base rent. Excludes user-selected optional fees and variable or usage-based fees and required charges due at or prior to move-in or at move-out.View Fees and Policies for details. Price, availability, fees, and any applicable rent special are subject to change without notice. | * Square footage definitions vary. Displayed square footage is approximate. | Fees and Policies | The fees listed below are community-provided and may exclude utilities or add-ons. All payments are made directly to the property and are non-refundable unless otherwise specified.",,,,,,Keep as marketplace coverage only until it fits target persona and official source is found.,,,,,,,,,,,,,,,,,,,,2026-07-01
acme-timber-lofts,"Acme Timber Lofts 29-33 Crown St, New Haven, CT 06510",research_candidate,,,,,,,,,,26,https://www.apartments.com/acme-timber-lofts-new-haven-ct/kp7sy0b/,total_monthly_price,yes,3,S1,"$2,025",537 Sq Ft,3.77,A2,"$2,363",772 Sq Ft,3.06,Move-in Special | Two Months Free On Select Units! | Highlights | Premier Transit Location,https://www.acmetimberlofts.com/,"Official profile, floorplan pages, RealPage shell, and furnish page checked","Official page shows floorplan sizes: 537 sqft studio, 584/772 sqft 1BR, 772/828 sqft 2BR; RealPage availability link present but dynamic current rent not captured.",Official page says up to 2 months rent free; contact for details.,not_visible,New or underweighted mainstream candidate surfaced by marketplace ranking; needs official-source check. | Use official page for source profile; pull RealPage availability/manual quote and request fee sheet before app ranking. | Pull RealPage availability/manual quote and request fee sheet.,Car parking not visible; bike storage listed,Not visible,Not visible,Not visible,All-electric/passive-house positioning visible; included utilities and average utility range not visible,Not visible,Not visible,"Pull RealPage availability/manual quote and request full leasing-office fee sheet, utility estimates, parking arrangement, insurance, guarantor policy, and furniture package cost. | Ask exact unit eligibility, lease length, expiration, and written concession terms. | Ask whether resident car parking exists, monthly price, nearby garage arrangements, bike storage terms, and EV options. | Request application fee and screening fee per applicant. | Request admin, holding, move-in, package, amenity, trash, compost, and utility billing fees. | Ask standard deposit, deposit alternative, holding fee, and refund terms. | Ask included utilities, expected electric range, internet, water/sewer/trash billing, and utility admin fees. | Ask if renters insurance or liability waiver is required and minimum coverage. | Ask policy for students without US credit or SSN, guarantor rules, and third-party guarantor acceptance. | Ask whether pets are allowed and whether pet fee, pet rent, or restrictions apply. | Ask whether CORT or another furniture package is available, package price, minimum term, and delivery timing.","move_in_concession: Official page promotes up to 2 months rent free and says to contact for details.: confidence=medium: status=conditional_offer || parking: Car parking price and availability are not visible on public official pages checked; bike storage is listed.: confidence=low: status=not_visible || application_fee: Not visible on public official pages checked.: confidence=low: status=not_visible || admin_fee: Not visible on public official pages checked.: confidence=low: status=not_visible || security_deposit: Not visible on public official pages checked.: confidence=low: status=not_visible || utilities_included: Official page describes all-electric systems, passive-house design, and reduced electric-bill positioning; included utilities and average utility ranges are not visible.: confidence=low: status=partial_public || renter_insurance: Not visible on public official pages checked.: confidence=low: status=not_visible || guarantor_policy: Not visible on public official pages checked.: confidence=low: status=not_visible || pet_fee: Not visible on public official pages checked.: confidence=low: status=not_visible || furnished_status: Official site has a Furnish page link, but package availability, content, and cost are not visible in the checked public text.: confidence=low: status=partial_public",,,,,,,,,,,2026-07-02
whitney-modern-703-whitney-ave-new-haven-ct-06511,"Whitney Modern 703 Whitney Ave, New Haven, CT 06511",research_candidate,,,,,,,,,,27,https://www.apartments.com/whitney-modern-new-haven-ct/8vxjr62/,plus_fees_or_base_rent,yes,0,,,,,,,,,"* Price shown is base rent. Excludes user-selected optional fees and variable or usage-based fees and required charges due at or prior to move-in or at move-out.View Fees and Policies for details. Price, availability, fees, and any applicable rent special are subject to change without notice. | * Square footage definitions vary. Displayed square footage is approximate. | Fees and Policies | The fees listed below are community-provided and may exclude utilities or add-ons. All payments are made directly to the property and are non-refundable unless otherwise specified.",,,,,,Keep as marketplace coverage only until it fits target persona and official source is found.,,,,,,,,,,,,,,,,,,,,2026-07-01
anthem-square10,The Anthem at Square 10,app_seed_profile,rankable_in_app,stale,Downtown Crossing / Union Station side · South Orange / George,2200,3700,"Stale news baseline: studio $1,900, 1BR $2,625, 2BR $3,300",,"Marketplace sqft check: S1 studio $1,921-$2,201 / 373 sq ft, about $5.15-$5.90 per sq ft. 2BR B1 appears closer to $3.06+ per sq ft before fee confirmation.",News source from 2024-12; official live data still needed,28,https://www.apartments.com/the-anthem-at-square-10-new-haven-ct/er60hxm/,total_monthly_price,yes,11,S1,"$1,921 – $2,201",373 Sq Ft,5.15,B1,"$3,331 – $3,514","997 – 1,088 Sq Ft",3.06,Move-in Special | Your New Home Awaits Up to 3 Months FREE Tour Today and Ask About Our $750 Look & Lease* *Restrictions apply. | Highlights | Premier Transit Location,,Official live leasing source not confirmed,,,,Already in app pool or user-requested source queue; cross-check official source.,Not visible,Not visible,Not visible,Not visible,Not visible,Not visible,Not visible,Find official leasing source before fee-sheet scoring,,"news: local_service: Elm City Market opened in the Anthem/Square 10 area in July 2025 after leaving 360 State.: use=verification_trigger: follow_up=Because later news reported closure, verify current grocery status around Anthem/Square 10 before app copy.: https://www.nhregister.com/news/article/elm-city-market-opens-275-south-orange-new-haven-20758892.php || news: local_service: Elm City Market reportedly closed shortly after opening at the new downtown location; local-service status is unstable.: use=verification_trigger: follow_up=Do not claim Square 10 grocery convenience without current verification.: https://www.nhregister.com/news/article/ct-new-haven-elm-city-market-groceries-20804998.php || news: move_in: First tenants moved into The Anthem at Square 10 in late 2024; article gave stale market-rate baselines and retail/opening context.: use=verification_trigger: follow_up=Find official Anthem leasing source and current fee/rent sheet before adding to rankable pool.: https://www.nhregister.com/news/article/square-10-former-new-haven-coliseum-19983459.php",,,,,,,,,,2026-07-01
westville-village-400-blake-st-new-haven-ct-06515,"Westville Village 400 Blake St, New Haven, CT 06515",research_candidate,,,,,,,,,,29,https://www.apartments.com/westville-village-new-haven-ct/qhmf64x/,plus_fees_or_base_rent,,0,,,,,,,,,,,,,,,Outside current Yale apartment MVP center of gravity; keep only as coverage signal.,,,,,,,,,,,,,,,,,,,,2026-07-01
tivoli-gardens-216-laurel-st-east-haven-ct-06512,"Tivoli Gardens 216 Laurel St, East Haven, CT 06512",research_candidate,,,,,,,,,,30,https://www.apartments.com/tivoli-gardens-east-haven-ct/8msh6h0/,total_monthly_price,,0,,,,,,,,,,,,,,,Outside current Yale apartment MVP center of gravity; keep only as coverage signal.,,,,,,,,,,,,,,,,,,,,2026-07-01
9th-square,9th Square,research_candidate,,,,,,,,,,,,,,,,,,,,,,,,,,,,,,,,,,,,,,,,"reddit: fee_lighting_noise: A 9th Square first-person comment raises practical issues: limited in-unit lighting and an extra rent-portal fee; later follow-up reports weekend-night noise and renewal increase concerns.: use=verification_trigger: follow_up=For 9th Square, verify payment portal fee, lighting fixtures, weekend noise, parking, and renewal increase history.: https://www.reddit.com/r/newhaven/comments/1s2emvk/opinions_on_nicer_apartment_buildings/ || reddit: local_service_route: A 9th Square/Cadence/Winchester comparison emphasizes grocery/services/walkability, communication issues during search, noise, parking, and route comfort; Cadence has limited direct tenant evidence.: use=verification_trigger: follow_up=For Cadence, mark Reddit evidence sparse; verify current opening, leasing responsiveness, security/access, parking, and nearby services before app inclusion.: https://www.reddit.com/r/newhaven/comments/1l57qgn/9th_square_winchester_lofts_or_cadence_on_canal/",,,,,,,,,2026-06-30
all-new,All new / recently renovated buildings,research_candidate,,,,,,,,,,,,,,,,,,,,,,,,,,,,,,,,,,,,,,,"public_record: construction: New Haven Office of Building Inspection & Enforcement administers residential and non-residential permits and links to CitySquared electronic permitting.: use=verification_trigger: follow_up=For Estelle, Anthem, Twenty Fair, State/Fair projects: search permit/CO status by address.: https://www.newhavenct.gov/government/departments-divisions/office-of-building-inspection-enforcement",,,,,,,,,,2026-06-30
all-rental-properties,All rental properties,research_candidate,,,,,,,,,,,,,,,,,,,,,,,,,,,,,,,,,,,,,,,public_record: rental_license: New Haven Residential Rental Business License program is intended to protect safety/health/welfare and requires licensing/inspection for qualifying rental properties.: use=verification_trigger: follow_up=Check whether property appears in residential licensing dashboard before using as high-confidence housing option.: https://www.newhavenct.gov/government/departments-divisions/livable-city-initiative/housing-code-enforcement/residential-rental-licensing-program,,,,,,,,,,2026-06-30
all-tracked-apartments,All tracked apartments,research_candidate,,,,,,,,,,,,,,,,,,,,,,,,,,,,,,,,,,,,,,,reddit: search_status: No usable Reddit posts captured in this run; web search returned no exact building matches and direct Reddit search/JSON access failed from local shell.: use=ignore: follow_up=Run authenticated/manual Reddit pass later; record only permalink + paraphrased theme + verification trigger.,,,,,,,,,,2026-06-30
all-tracked-new-haven-apartments,All tracked New Haven apartments,research_candidate,,,,,,,,,,,,,,,,,,,,,,,,,,,,,,,,,,,,,,,"public_record: identity: New Haven Assessor / Vision database provides parcel and assessment reference data; site states data should be verified and is not legal conveyance.: use=verification_trigger: follow_up=Use by exact address to reconcile owner/LLC/address before promoting confidence.: https://gis.vgsi.com/newhavenct/ || public_record: identity: New Haven Property Viewer provides parcel/map context for address and building-boundary checks.: use=verification_trigger: follow_up=Check exact address boundaries for multi-building profiles such as The Archive and New Haven Towers.: https://newhavenct.maps.arcgis.com/apps/webappviewer/index.html?id=7d287a1263dd4fc781960069fb94c6b4 || public_record: legal: CT Judicial lookup supports civil/family/housing/small-claims searches, including property-address search for summary process/foreclosure.: use=verification_trigger: follow_up=Use only aggregate property/LLC-level patterns; do not store or publish tenant names.: https://civilinquiry.jud.ct.gov/ || public_record: ownership: Connecticut Business Records Search can reconcile LLC/manager identity from assessor, leases, and websites.: use=verification_trigger: follow_up=Search owner/manager LLC names from assessor records and sample leases.: https://business.ct.gov/",,,,,,,,,,2026-06-30
centerpointe,Centerpointe,research_candidate,,,,,,,,,,,,,,,,,,,,,,,,,,,,,,,,,,,,,,,,"reddit: management_location: Centerpointe appears as a comparative recommendation for central location, relative affordability, quiet tenants, and responsive management, but with pushback about Green-adjacent location.: use=verification_trigger: follow_up=If adding Centerpointe, collect official fees and current resident evidence; frame route/late-night routine as user-specific verification.: https://www.reddit.com/r/newhaven/comments/19d3zb7/olive_and_wooster_apartments/",,,,,,,,,2026-06-30
corsair,Corsair,app_seed_profile,held_from_ranking,low,East Rock / State Street corridor,2200,3300,"$2,200+ seed estimate; source pending",,,Seed profile only; New Haven official source pending,,,,,,,,,,,,,,,,,,,,,,,,,,,,,,,"reddit: noise: A commenter flags Corsair as attractive but potentially exposed to seasonal street/highway-style noise; another older Corsair-specific thread reports unit-facing differences.: use=verification_trigger: follow_up=When refreshing Corsair, check side/floor exposure, window quality, I-91/State Street noise, and whether current residents report highway noise.: https://www.reddit.com/r/newhaven/comments/1s011vz/new_haven_apartment_advice/ || reddit: noise: Older first-person reports suggest Corsair noise varies heavily by unit orientation and floor, with west/upper/exterior-facing units described as preferable by one former resident.: use=verification_trigger: follow_up=Treat as stale but useful: require unit-side noise verification during tour; do not generalize to all Corsair units.: https://www.reddit.com/r/newhaven/comments/t7wrph/corsair_noise_pollution/",,,,,,,,,2026-06-30
ct-crossing,CT Crossing / Pierpont / City Crossing,research_candidate,,,,,,,,,,,,,,,,,,,,,,,,,,,,,,,,,,,,,,,,"reddit: coverage_gap: No clean CT Crossing/Pierpont-specific Reddit lived-experience thread captured in this run; City Crossing may appear under adjacent building or neighborhood terms.: use=coverage_gap: follow_up=Search by Pierpont, City Crossing, address, and manager names in next pass; rely on official fee sheet for now.: https://www.reddit.com/search/?q=CT%20Crossing%20New%20Haven%20apartment&type=posts&sort=relevance",,,,,,,,,2026-06-30
east-rock-landlord,East Rock independent landlord,exploration_direction,held_from_ranking,low,Exploration direction · residential / roommate-friendly,850,1600,"$850-$1,600 est. per person; exact unit required",,,Pattern-based exploration direction,,,,,,,,,,,,,,,,,,,,,,,,,,,,,,,,,,,,,,,,
hamden-large,Hamden large apartment,exploration_direction,held_from_ranking,low,Exploration direction · lower-rent commute trade-off,1400,2300,"$1,400-$2,300 est.; exact building needed",,,Category-level exploration direction,,,,,,,,,,,,,,,,,,,,,,,,,,,,,,,,,,,,,,,,
housing-search-near-yale,Housing search near Yale,research_candidate,,,,,,,,,,,,,,,,,,,,,,,,,,,,,,,,,,,,,,,,"reddit: fit_question: A recent Yale housing question surfaced the core MVP need: students ask for a good building, but the useful response should map budget, campus destination, move-in timing, and building trade-offs.: use=social_heat: follow_up=Use as product-language evidence, not as apartment fact evidence.: https://www.reddit.com/r/newhaven/comments/1tjvr8p/housing_for_yale_student/",,,,,,,,,2026-06-30
ninth-square,Ninth Square,research_candidate,,,,,,,,,,,,,,,,,,,,,,,,,,,,,,,,,,,,,,,,,,,,,,,,,
state-street,State Street / Fair Street future supply,research_candidate,,,,,,,,,,,,,,,,,,,,,,,,,,,,,,,,,,,,,,,news: construction: City Plan approved 462 mixed-income apartments off State Street between Chapel and Fair; future construction/local-service context.: use=verification_trigger: follow_up=Track construction impact and future inventory; do not include in current recommendation pool yet.: https://www.nhregister.com/news/article/new-haven-mixed-income-apartments-housing-ct-21201097.php,,,,,,,,,,2026-06-30
the-elm,The Elm / Apartments at Yale,app_seed_profile,held_from_ranking,low,Central campus edge,2000,3000,"$2,000+ seed estimate; source pending",,,Seed profile only; official source pending,,,,,,,,,,,,,,,,,,,,,,,,,,,,,,,,,,,,,,,,
the-whit,The Whit,app_seed_profile,rankable_in_app,partial,Wooster Square · 630 Chapel St,2400,5400,Official page says rates subject to change; exact rent needs refresh,,,Official Scully page refreshed 2026-06-29,,,,,,,,,,,,,,,,Official/current leasing source not sufficiently accessible,,,,,Not visible,Not visible,Not visible,Not visible,Not visible,Not visible,Not visible,"Confirm current official leasing URL / manager, then request fee sheet",,news: ownership: True North and Scully acquired The Whit from Hines; article states the complex has 230 apartments and was completed in phases by 2022.: use=verification_trigger: follow_up=Verify current manager/leasing URL; app should not rely on stale Bozzuto/Scully/source assumptions without refresh.: https://www.ctinsider.com/realestate/article/ct-stamford-fund-buys-whit-wooster-square-20162703.php,"reddit: management_noise_fees: Whit comments are mixed: some praise maintenance, cleanliness, newer finishes, and Wooster access; others mention management transition, train/street noise, package fee/internet line items, and expensive parking.: use=verification_trigger: follow_up=For The Whit, verify current manager, parking monthly cost, package fee, internet options/cost, train-facing unit exposure, and whether concessions are active.: https://www.reddit.com/r/newhaven/comments/1kj48yr/choosing_between_the_whit_and_360_state_any_advice/ || reddit: local_service_noise: A current Whit resident describes responsive maintenance and strong Wooster/downtown walkability, while noting State/Chapel traffic, warm-weather vehicle noise, and train proximity as fit-dependent trade-offs.: use=verification_trigger: follow_up=For Whit card, phrase local services positively but add route/noise/unit-side verification rather than a broad safety claim.: https://www.reddit.com/r/newhaven/comments/1s011vz/new_haven_apartment_advice/",,,,,,,,,2026-06-30
